[
  {
    "id": "cc63e950-bc4d-458e-bc5f-8bec1147026e",
    "data": [
      {
        "text": "there are more",
        "userDefined": false
      }
    ],
    "isTemplate": false,
    "count": 0,
    "updated": 0
  },
  {
    "id": "2bf1a10f-e90b-497a-9fe9-cf9f1888ad06",
    "data": [
      {
        "text": "I want to tell you more",
        "userDefined": false
      }
    ],
    "isTemplate": false,
    "count": 0,
    "updated": 0
  },
  {
    "id": "e5cb2572-4c58-4b49-8cdc-7dfe877056e0",
    "data": [
      {
        "text": "I have more things to tell you",
        "userDefined": false
      }
    ],
    "isTemplate": false,
    "count": 0,
    "updated": 0
  },
  {
    "id": "3460dc5a-946e-4970-b72e-770d611302a6",
    "data": [
      {
        "text": "I want to tell u more",
        "userDefined": false
      }
    ],
    "isTemplate": false,
    "count": 0,
    "updated": 0
  }
]