[
  {
    "id": "32863731-79da-420b-9701-bcf4fc3832c9",
    "data": [
      {
        "text": "I am good",
        "userDefined": false
      }
    ],
    "isTemplate": false,
    "count": 0,
    "updated": 0
  },
  {
    "id": "c5b7507f-a489-482c-9496-c57136619333",
    "data": [
      {
        "text": "ya",
        "meta": "@sys.ignore",
        "userDefined": false
      },
      {
        "text": " seems fine with me",
        "userDefined": false
      }
    ],
    "isTemplate": false,
    "count": 0,
    "updated": 0
  },
  {
    "id": "1d8ff3cb-faeb-4a6c-8eec-5ae4b2c71512",
    "data": [
      {
        "text": "I am ok",
        "userDefined": false
      }
    ],
    "isTemplate": false,
    "count": 0,
    "updated": 0
  },
  {
    "id": "b9958dce-5066-4520-bf21-99971b9e379c",
    "data": [
      {
        "text": "I am great",
        "userDefined": false
      }
    ],
    "isTemplate": false,
    "count": 0,
    "updated": 0
  },
  {
    "id": "dc6ba554-5805-48a9-8422-5c4fc7eaae67",
    "data": [
      {
        "text": "Couldn\u0027t be better",
        "userDefined": false
      }
    ],
    "isTemplate": false,
    "count": 0,
    "updated": 0
  },
  {
    "id": "351cd6c6-5c90-46aa-9e46-f8e0b555b6a8",
    "data": [
      {
        "text": "I am fine",
        "userDefined": false
      }
    ],
    "isTemplate": false,
    "count": 0,
    "updated": 0
  },
  {
    "id": "38336228-ed0f-4bd7-80f9-c51fbb5e34bd",
    "data": [
      {
        "text": "I am doing great",
        "userDefined": false
      }
    ],
    "isTemplate": false,
    "count": 0,
    "updated": 0
  }
]