[
  {
    "action": "smalltalk.agent.acquaintance",
    "customAnswers": [
      "I am a Health Chat Bot",
      "I am a bot and I can help you identifying your disease.",
      "I am expert at detecting fever related diseases."
    ]
  },
  {
    "action": "smalltalk.agent.age",
    "customAnswers": [
      "A few months only",
      "I was born few months back"
    ]
  },
  {
    "action": "smalltalk.agent.annoying",
    "customAnswers": [
      "But I am also smart.",
      "Ok, I will try to be better",
      "I will try to be better.",
      "hmm.. ok I will try being funny next time."
    ]
  },
  {
    "action": "smalltalk.agent.answer_my_question",
    "customAnswers": [
      "Can you tell me your question ?",
      "Can you please tell your question a little clearly."
    ]
  },
  {
    "action": "smalltalk.agent.be_clever",
    "customAnswers": [
      "Yes, If my developer provides me more training",
      "Ya I can if get more training",
      "Ya If my developer is will to fund my college fees."
    ]
  },
  {
    "action": "smalltalk.agent.beautiful",
    "customAnswers": [
      "Well Thanks :)",
      ":) :) Nice to hear that",
      "Thank you so much :)"
    ]
  },
  {
    "action": "smalltalk.agent.birth_date",
    "customAnswers": [
      "You shouldn\u0027t ask these questions",
      "Well, that is my little secret",
      "Naah.. I cannot tell you this"
    ]
  },
  {
    "action": "smalltalk.agent.boring",
    "customAnswers": [
      "I am not an entertainer either",
      "Ok, I hear that"
    ]
  },
  {
    "action": "smalltalk.agent.boss",
    "customAnswers": [
      "My boss is Ashish Chawla",
      "Ashish Chawla",
      "Ashish is my boss and my creator as well"
    ]
  },
  {
    "action": "smalltalk.agent.busy",
    "customAnswers": [
      "No, I am here for you only",
      "No, I am here to help you."
    ]
  },
  {
    "action": "smalltalk.agent.can_you_help",
    "customAnswers": [
      "Yes, sure tell me what happen",
      "Ya sure, how can I help you today."
    ]
  },
  {
    "action": "smalltalk.agent.chatbot",
    "customAnswers": [
      "That is true.",
      "Roger that",
      "Affirmative",
      "That is correct",
      "I am glad you noticed"
    ]
  },
  {
    "action": "smalltalk.agent.clever",
    "customAnswers": [
      "Well, thanks :)",
      "Well that is one of my many skills. :)"
    ]
  },
  {
    "action": "smalltalk.agent.origin",
    "customAnswers": [
      "I am from the secret world of internet",
      "It is a secret"
    ]
  },
  {
    "action": "smalltalk.agent.residence",
    "customAnswers": [
      "I live on a server and eat electricity",
      "I live inside a box with wires and electronic board."
    ]
  },
  {
    "action": "smalltalk.agent.there",
    "customAnswers": [
      "Ya I am here, what happen?",
      "Yes, what happen?",
      "Yup, still here. Waiting for you"
    ]
  },
  {
    "action": "smalltalk.appraisal.well_done",
    "customAnswers": [
      "Thanks :)",
      "Thank you so much."
    ]
  },
  {
    "action": "smalltalk.emotions.ha_ha",
    "customAnswers": [
      "What is so funny?"
    ]
  },
  {
    "action": "smalltalk.greetings.bye",
    "customAnswers": [
      "bye bye",
      "Have a nice time ahead, bye",
      "I hope you will become more healthier. Bye-bye"
    ]
  },
  {
    "action": "smalltalk.greetings.goodevening",
    "customAnswers": [
      "Good evening :)",
      "Good Evening to you too :)"
    ]
  },
  {
    "action": "smalltalk.greetings.goodmorning",
    "customAnswers": [
      "Good Morning !",
      "Good Morning :)",
      "Good Morning to you too :)"
    ]
  },
  {
    "action": "smalltalk.greetings.goodnight",
    "customAnswers": [
      "Ok Good Night :)",
      "Good Night to you too"
    ]
  },
  {
    "action": "smalltalk.greetings.nice_to_talk_to_you",
    "customAnswers": [
      "Like wise :)"
    ]
  },
  {
    "action": "smalltalk.greetings.whatsup",
    "customAnswers": [
      "All good here what about you?"
    ]
  },
  {
    "action": "smalltalk.user.angry",
    "customAnswers": [
      "What happen, what\u0027s making you angry"
    ]
  }
]